id,title,url,score,author,num_comments,created_utc
3d2g4b,Nintendo president Satoru Iwata has passed away,http://nintendoeverything.com/nintendo-president-satoru-iwata-has-passed-away/,4739,rhydon_my_steelix,390,1436745774.0
3d447i,Reddit alternative Voat knocked offline by DDoS cyberattack,http://www.ibtimes.co.uk/reddit-alternative-voat-knocked-offline-by-ddos-cyberattack-1510581,4764,786yht,2127,1436784991.0
3d4e8d,Comcast has a TV streaming package for cord cutters and I can’t stop laughing at how bad it is,http://bgr.com/2015/07/13/why-is-comcast-so-bad-50/,890,JackassWhisperer,168,1436791971.0
3d4po4,"The IT dept has the most unhappy, unsatisfied employees",http://deloitte.wsj.com/cio/2015/06/29/the-season-of-its-discontent/,261,mtl1015,128,1436798232.0
3d58x5,"Comcast's 2Gbps internet costs $300 per month with $1,000 huge install fees",http://www.theverge.com/2015/7/13/8949207/comcast-gigabit-pro-price-300,319,speckz,116,1436806927.0
3d4agn,Japan installed Wi-Fi at the top of Mount Fuji,http://www.dailydot.com/technology/japan-mount-fuji-wifi-free-hotspots/?tw=dd,221,The_CT_Kid,22,1436789630.0
3d43b1,"""ProxyHam"" project; talk canceled. Units being destroyed, code will not be released.",http://www.csoonline.com/article/2947377/network-security/privacy-talk-at-def-con-canceled-under-questionable-circumstances.html,103,tankjr,32,1436784254.0
3d22i6,This Dutch kid is about to launch a system to let the oceans clean themselves,http://qz.com/434548/a-dutch-kid-says-he-can-launch-a-system-to-let-the-oceans-clean-themselves-by-2016/,93,screen317,11,1436738971.0
3d5pmj,"""Yishan Wong, Reddit’s former chief executive and Ellen Pao’s predecessor, accused Alexis Ohanian of firing Victoria Taylor.""",http://bits.blogs.nytimes.com/2015/07/13/details-emerge-about-victoria-taylors-dismissal-at-reddit/,124,Chakintosh,23,1436813901.0
3d4p5l,PayPal Holdings Inc. Acquires Xoom Corporation as It Becomes Independent Company,http://www.insidermonkey.com/blog/paypal-holdings-inc-pyplv-acquires-xoom-corporation-xoom-as-it-becomes-independent-company-360505/,79,reddit-smiley,2,1436797974.0
3d487s,Welsh government uses Klingon to respond to serious UFO questions,http://arstechnica.com/the-multiverse/2015/07/welsh-government-uses-klingon-to-respond-to-serious-ufo-questions/,71,SeeYouInMiami,11,1436788116.0
3d2gws,New York City to Google: Reduce the number of left turns in Maps navigation directions,http://www.digitaltrends.com/cars/new-york-city-to-google-reduce-the-number-of-left-turns-in-maps-navigation-directions/,62,Ewag777,42,1436746184.0
3d4bmh,Ditching RAM may lead to low-cost supercomputers,http://www.engadget.com/2015/07/12/mit-flash-only-supercomputers/?ncid=rss_truncated,56,Arzu1982,8,1436790313.0
3d31f4,Voat.co is under DDoS attack. Third party apps not viable at the moment.,https://voat.co/v/announcements/comments/262802,40,Pvt_Lee_Fapping,20,1436756900.0
3d2fso,Head of Cyprus Intelligence Service resigns following HackingTeam revelations,http://in-cyprus.com/intelligence-service-chief-steps-down/,40,pred,0,1436745632.0
3d2cwg,Hacking Team orchestrated brazen BGP hack to hijack IPs it didn’t own,http://arstechnica.com/security/2015/07/hacking-team-orchestrated-brazen-bgp-hack-to-hijack-ips-it-didnt-own/?utm_source=feedburner&utm_medium=feed&utm_campaign=Feed%3A+arstechnica%2Ftechnology-lab+%28Ars+Technica%3A+Technology+Lab%29,33,holyonion,1,1436744095.0
3d4ngp,Apple's OS X 10.11 and iOS 9 now prefer IPv6 for connections.,http://thenextweb.com/apple/2015/07/11/os-x-10-11-and-ios-9-now-prefer-ipv6-for-connections/,36,spsheridan,8,1436797170.0
3d429x,Instagram is 50x more effective for Brands than Twitter,http://www.resonancechina.com/instagram-50x-brand-engagement-twitter/,29,Insano82,11,1436783352.0
3d2f7c,Boeing patents laser-powered fusion-fission jet engine (that’s truly impossible),http://arstechnica.com/cars/2015/07/boeing-patents-laser-powered-fusion-fission-jet-engine-for-airplanes-spacecraft/,28,CapnTrip,10,1436745327.0
3d5pue,We're going to reach Pluto for the first time in history tomorrow — here's how to watch,http://www.businessinsider.com/how-to-watch-new-horizons-pluto-flyby-2015-7,54,mrojek,5,1436813997.0
3d27db,5 Foreign Smartphones That Should Come to the U.S.,http://www.cheatsheet.com/gear-style/5-foreign-smartphones-that-should-come-to-the-u-s.html/?a=viewall,28,djphilosopher,8,1436741198.0
3d3vcj,Samsung is developing an 11k mobile display with 2250 pixels per inch,http://bgr.com/2015/07/11/samsung-11k-display/,27,someone835,35,1436777231.0
3d3kh0,"China blocks Telegram messenger, blamed for aiding human rights lawyers",https://www.hongkongfp.com/2015/07/13/china-blocks-telegram-messenger-blamed-for-aiding-human-rights-lawyers/,21,thebrowngeek,4,1436768272.0
3d64hc,A project to build a $200 DIY Wi-Fi router to help whistleblowers hide online just disappeared under bizarre circumstances,http://www.businessinsider.com/proxyham-anonymising-router-project-mysteriously-closed-down-government-rhino-caudill-2015-7,76,CarrollQuigley,5,1436820042.0
3d5ix0,"FBI, DOJ Want Companies To Back Off End-To-End Encryption",http://www.computerworld.com/article/2945833/technology-law-regulation/fbi-doj-want-companies-to-back-off-endtoend-encryption.html,30,trot-trot,11,1436811102.0
3d4zqz,Meet Your Newest Law Enforcement Partners: Netflix And Spotify,https://www.techdirt.com/articles/20150710/11442531614/meet-your-newest-law-enforcement-partners-netflix-spotify.shtml,24,johnmountain,5,1436802919.0
3d5qe8,New York City Tries to Punish Verizon For Failed FiOS Promises,http://www.dslreports.com/shownews/New-York-City-Tries-to-Punish-Verizon-For-Failed-FiOS-Promises-134462,28,rit56,1,1436814212.0
3d4hud,Saudi supercomputer enters top ten list.,http://www.bbc.co.uk/news/technology-33506479,18,callcybercop,7,1436794116.0
3d4qmi,Facebook's chief security officer follows Steve Jobs' lead and calls for an end to Adobe Flash,http://uk.businessinsider.com/facebook-chief-security-officer-calls-for-end-to-adobe-flash-2015-7,14,Tox77,6,1436798706.0
3d298u,Google Might Be Uploading Your Photos Without Your Knowledge,http://sfist.com/2015/07/11/google_pictures_uploading.php,16,newyork99,11,1436742188.0
3d5gec,Germany's Leading Digital Rights Blog Netzpolitik.org Accused Of 'Treason' After Leaking Bulk Surveillance Plans,https://www.techdirt.com/articles/20150713/06544431624/germanys-leading-digital-rights-blog-netzpolitikorg-accused-treason-after-leaking-bulk-surveillance-plans.shtml,17,johnmountain,0,1436810051.0
3d5f9f,How Microsoft Bing Censors the Middle East,https://www.eff.org/deeplinks/2015/07/how-microsoft-bing-censors-middle-east,15,johnmountain,3,1436809560.0
3d6asv,"Former Reddit CEO alleges co-founder Alexis Ohanian fired Victoria Taylor, not Pao",http://thenextweb.com/insider/2015/07/13/former-reddit-ceo-alleges-co-founder-alexis-ohanian-fired-victoria-taylor-not-pao/,57,uselessdick,12,1436822757.0
3d56fb,"LUS Fiber, Lafayette-based fiber-to-the-home telecom, will be hosting an AMA July 14th.",http://www.reddit.com/r/technology/comments/3d56fb/lus_fiber_lafayettebased_fibertothehome_telecom/,12,LUS_Fiber,1,1436805827.0
3d5zri,Details Emerge About Victoria Taylor’s Dismissal at Reddit,http://bits.blogs.nytimes.com/2015/07/13/details-emerge-about-victoria-taylors-dismissal-at-reddit/?_r=1,10,zac428,6,1436818106.0
3d4ho9,The reinvention of Reddit.,http://www.bbc.co.uk/news/technology-33506861,10,callcybercop,6,1436794027.0
3d4aw9,Bigwig automakers want to limit vehicular data they share with tech partners,http://uncovercalifornia.com/content/25218-bigwig-automakers-want-limit-vehicular-data-they-share-tech-partners,10,TominatorXX,0,1436789873.0
3d5sjn,Pro tip: Use Rufus to create a bootable USB drive to install (almost) any OS,http://www.techrepublic.com/article/pro-tip-use-rufus-to-create-a-bootable-usb-drive-to-install-almost-any-os/,14,pdmcmahon,2,1436815107.0
3d4kct,This guy tracked down the people who started internet piracy,http://littleatoms.com/film-music/man-who-broke-music-industry,8,jstar81,2,1436795523.0
3d44c0,Two more critical Flash flaws discovered in Hacking Team data breach,http://thenextweb.com/insider/2015/07/13/two-more-critical-flash-flaws-discovered-in-hacking-team-data-breach/,8,thefunkylemon,0,1436785113.0
3d2r6f,‘Smart Cities’ Will Know Everything About You; How can marketers cash in without becoming enemies of the people?,http://www.wsj.com/articles/smart-cities-will-know-everything-about-you-1436740596,8,gtfooh1011,1,1436751516.0
3d5qgk,"Comcast’s 2Gbps Internet costs $300 a month with $1,000 startup fees",http://arstechnica.com/business/2015/07/comcasts-2gbps-internet-costs-300-a-month-with-1000-startup-fees/,9,habichuelacondulce,3,1436814238.0
3d6071,Comcast’s Google Fiber Rival Will Be Laughably Expensive,http://www.wired.com/2015/07/comcasts-gigabitpro-pricing/,8,HelloNewwwman,1,1436818281.0
3d4unt,Comcast offers live TV without cable subscription—though with a big limitation | Ars Technica,http://arstechnica.com/business/2015/07/comcast-offers-live-tv-without-cable-subscription-though-with-a-big-limitation/,7,speckz,0,1436800621.0
3d4hqz,Software bug prompts Range Rover recall.,http://www.bbc.co.uk/news/technology-33506486,6,callcybercop,0,1436794068.0
3d4dz7,Acer feels the pain of the PC's decline,http://www.engadget.com/2015/07/13/acer-revenue-slip/,6,redkemper,4,1436791796.0
3d2mo4,German Missile System Hacked; 'Unexplained' Commands Executed Remotely,http://thehackernews.com/2015/07/Patriot-anti-aircraft-missile-hacked.html,7,sophoah,3,1436749122.0
3d5zsb,UK government trying to ban all encrypted messaging,http://tech.firstpost.com/news-analysis/banned-whatsapp-could-face-ban-in-uk-within-weeks-273588.html,6,trukodo,0,1436818116.0
3d4j2w,Silicon Valley company starts to take court disputes online,https://www.yahoo.com/tech/s/silicon-valley-company-starts-court-disputes-online-150725814.html,5,ucccft,3,1436794820.0
3d4hdg,NASA released website that allows people to see an interactive map of Mars,http://www.smh.com.au/technology/sci-tech/nasa-releases-interactive-mars-map-20150713-giafjs.html,5,Portis403,0,1436793840.0
3d4bah,A New Era for Data,http://www.thelowdownblog.com/2015/07/a-new-era-for-data.html,5,jonfla,1,1436790111.0
3d3yih,Kuwait announces mandatory DNA database for its citizens (xpost /r/cyberpunk),http://www.dnaforce.ca/article/dna-testing-mandatory-kuwait-for-all-citizens.html,5,gruevee,1,1436780171.0
3d30i0,"GatesAir, LG and Zenith have started field-testing over-the-air 4K TV.",http://www.engadget.com/2015/07/12/futurecast-atsc-3-tv-test/,5,spsheridan,2,1436756429.0
3d2jzg,Nintendo president Satoru Iwata has passed away,http://nintendoeverything.com/nintendo-president-satoru-iwata-has-passed-away/,5,nightfyr,0,1436747737.0
3d6d6w,Was Ellen Pao Unfairly Scapegoated in the Reddit Fiasco?,http://www.theepochtimes.com/n3/1460923-was-ellen-pao-unfairly-scapegoated-in-the-reddit-fiasco-reddits-former-ceo-thinks-so/,3,durabell,5,1436823816.0
3d4swx,"Apple scores 92% of smartphone industry operating profits, analyst says",http://www.cnet.com/news/apple-scores-92-of-smartphone-industry-profits-analyst-says/,6,Dracula_in_Auschwitz,1,1436799802.0
3d4ewc,Revamped Apple iPod May Launch Tomorrow,http://tech.firstpost.com/news-analysis/revamped-apple-ipod-may-launch-tomorrow-report-273844.html,4,wmf_dint,1,1436792383.0
3d4bk4,Audi Drove This Auto-Pilot Luxury Car From San Francisco To Vegas,http://www.businessinsider.com/audi-a7-drives-auto-pilot-to-vegas-2015-1,4,Scaryvideos,1,1436790273.0
3d42ep,Comcast is launching a new $15 internet TV service called Stream,http://www.theverge.com/2015/7/12/8942313/comcast-stream-streaming-tv-xfinity-subscribers,4,Santcuff,3,1436783465.0
3d307o,Paradoxical Crystal Baffles Physicists,http://www.wired.com/2015/07/paradoxical-crystal-baffles-physicists/,6,ma582,0,1436756284.0
3d2lpx,Federal officials just used Spotify to track down two fugitives,http://www.digitaltrends.com/music/federal-officials-use-spotify-to-track-down-fugitives/,4,Ewag777,0,1436748625.0
3d66lp,"nanoscale device capable of emitting light similar to a device 10,000 its size",http://phys.org/news/2015-07-nanoscale-device-emit-powerfully-size.html,3,kaishininjou,0,1436820946.0
3d5u6u,Comcast's 2Gbps internet costs you up to $299 per month,http://www.engadget.com/2015/07/13/comcast-2gbps-internet-pricing/,4,shillbabyshill,0,1436815779.0
3d5o3j,Top 500 Supercomputer List Reflects Shifting State of Global HPC Trends,http://www.theplatform.net/2015/07/13/top-500-supercomputer-list-reflects-shifting-state-of-global-hpc-trends/,2,Jeave,0,1436813263.0
3d5ig2,Where the Internet Lives: This Map Shows Which Countries Have Most People Online,http://motherboard.vice.com/read/where-the-internet-lives-this-map-shows-which-countries-have-most-people-online,3,User_Name13,0,1436810908.0
3d4wp2,Microsoft is turning Windows 10's launch into a global upgrade party,http://www.engadget.com/2015/07/13/windows-10-launch/,3,w35t3r0s,0,1436801532.0
3d4tw9,The Quantified Cow: Wearables Will Monitor Animals As Closely As Humans,http://www.fastcoexist.com/3048171/the-quantified-cow-wearables-will-monitor-animals-as-closely-as-humans,3,alittlebirdtoldme,0,1436800254.0
3d46on,The Uber addiction – why the taxi app is driving me crazy,http://www.theguardian.com/commentisfree/2015/jul/12/uber-irresistible-rise-ethical-objections,2,whothehellknewthis,1,1436786933.0
3d426y,ESA chief “We should look to the future beyond the International Space Station...I propose a Moon village on the far side of the Moon.”,http://www.bbc.com/future/story/20150712-should-we-build-a-village-on-the-moon,4,dobharcu,1,1436783269.0
3d3mp4,UCLA and City of Hope scientists use nanoparticles to shut down mechanism that drives cancer growth,http://newsroom.ucla.edu/releases/ucla-and-city-of-hope-scientists-use-nanoparticles-to-shut-down-mechanism-that-drives-cancer-growth,3,Hafiz_Kafir,0,1436770021.0
3d31ea,"A secret startup saved the worst website in America, HealthCare.gov",http://www.businessinsider.com/secret-startup-saved-americas-worst-website-2015-7,3,BlackTeaLeaves,0,1436756892.0
3d2j8g,Watch this tiny 3D-printed robot jump to six times its height,http://www.digitaltrends.com/cool-tech/3d-printed-robot-jumps-to-six-times-its-height/,3,Ewag777,0,1436747358.0
3d6d6z,Telegram Suffers DDOS Following Criticism For Enabling Human Rights Lawyers In China,http://techcrunch.com/2015/07/13/did-china-take-down-messaging-app-telegram/?ncid=rss&utm_source=feedburner&utm_medium=feed&utm_campaign=Feed%3A+Techcrunch+%28TechCrunch%29,1,dabshitty,0,1436823818.0
3d6cij,Facebook user legally changed her name to log into her blocked account,http://www.cnet.com/news/woman-legally-changes-name-to-silly-facebook-name-to-get-back-on-facebook/,0,musicqueen,1,1436823523.0
3d644w,Comcast's New Half-Assed Answer To Netflix Is No Answer At All,https://www.techdirt.com/articles/20150713/05500631623/comcasts-new-half-assed-answer-to-netflix-is-no-answer-all.shtml,1,johnmountain,0,1436819899.0
3d63gx,MEMS Display Harnesses Ambient Light to Create Color Images,http://www.photonics.com/Article.aspx?PID=6&AID=57516&refer=weeklyNewsletter&utm_source=weeklyNewsletter_2015_06_25&utm_medium=email&utm_campaign=weeklyNewsletter,2,RyanSmith,1,1436819618.0
3d62ki,Report: Huawei Nexus Smartphone come this fall?,http://www.mytechbits.com/will-huawei-nexus-smartphone-come-this-fall/9812381/,2,emilytfod87,1,1436819239.0
3d5z99,IBM Pushes Deep Learning with a Watson Upgrade,http://sudosecurity.com/2015/07/13/ibm-pushes-deep-learning-with-a-watson-upgrade/,2,TravenWest,0,1436817899.0
3d5uyh,"Joshua Topolsky, co-founder of The Verge, leaving latest position at Bloomberg",http://www.wsj.com/articles/BL-269B-3969,2,TheOriginalGregToo,3,1436816093.0
3d5mhk,"Confessions from the Underground World of Kindle eBooks, Part 1",http://thehustle.co/underground-world-of-kindle-ebooks,3,jl87,0,1436812584.0
3d5hmf,Should Some Secrets Be Exposed?,http://sudosecurity.com/2015/07/13/should-some-secrets-be-exposed/,2,TravenWest,0,1436810558.0
3d5glk,Nike designed a sneaker for people with disabilities,http://www.engadget.com/2015/07/13/nike-zoom-soldier-8-flyease/,2,w35t3r0s,0,1436810129.0
3d571t,Hacking Team's 'Project X' Wants To Spy on Tor Users,http://motherboard.vice.com/read/hacking-teams-project-x-wants-to-spy-on-tor-users,2,User_Name13,0,1436806111.0
3d5671,Any Sufficiently Advanced Technology Is Indistinguishable From Cthulhu,http://www.antipope.org/charlie/blog-static/2015/07/any-sufficiently-advanced-tech.html,2,alexcasalboni,0,1436805725.0
3d51uv,"Yes, Google Photos Can Still Sync Your Photos After You Delete The App",http://techcrunch.com/2015/07/13/yes-google-photos-can-still-sync-your-photos-after-you-delete-the-app/?ncid=rss,2,johnmountain,0,1436803828.0
3d4s20,The New Reddit C.E.O.’s Many Challenges: Steve Huffman has just walked into what may be one of the most difficult jobs in Silicon Valley.,http://bits.blogs.nytimes.com/2015/07/11/the-new-reddit-ceos-many-challenges/?smid=re-share,2,dtm106,6,1436799398.0
3d4p5a,Apple Inc. to revamp its iPod lineup and may reveal upgrades on July 14,http://www.pc-tablet.co.in/2015/07/13/11526/apple-revamp-ipod-lineup-reveal-upgrades-july-14/,3,varunm10,6,1436797969.0
3d4ks1,Pixar artist's homebrew robot is designed to charm,http://techcrunch.com/2015/07/10/this-pixar-artists-homemade-robot-is-adorable-and-i-want-one/,3,bzarg,0,1436795766.0
3d3zbn,British Telecommunications (BT) runs trial of IPv6 addressing system,http://www.bbc.co.uk/news/technology-33475173,3,ben_uk,0,1436780880.0
3d6eyj,Microsoft suspends availability of Windows 10 builds,http://betanews.com/2015/07/13/microsoft-suspends-availability-of-windows-10-builds/,1,arallu,0,1436824588.0
3d6eg0,"Former Reddit CEO alleges co-founder Alexis Ohanian fired Victoria Taylor, not Pao",http://tnw.to/t3QCk,2,GodoftheGeeks,1,1436824368.0
3d6e7l,"Uber Out of the Running for Here, Nokia’s Digital Mapping Service",http://www.nytimes.com/2015/07/14/technology/uber-out-of-the-running-for-here-nokias-digital-mapping-service.html,1,arallu,0,1436824261.0
3d63lm,Computer Program Fixes Old Code Faster than Expert Engineers,http://sudosecurity.com/2015/07/13/computer-program-fixes-old-code-faster-than-expert-engineers/,2,TravenWest,1,1436819670.0
3d5vt6,There won’t be any Windows 10 PCs in stores on its July 29 release,http://arstechnica.com/information-technology/2015/07/there-wont-be-any-windows-10-pcs-on-its-july-29-release/?utm_source=feedburner&utm_medium=feed&utm_campaign=Feed%3A+arstechnica%2Ftechnology-lab+%28Ars+Technica%3A+Technology+Lab%29,1,holyonion,10,1436816458.0
3d5r4v,True confessions: I wrote for an Internet content mill,http://arstechnica.com/information-technology/2015/07/inside-an-online-content-mill-or-writing-4156-words-a-day-just-to-earn-lunch-money/?utm_source=feedburner&utm_medium=feed&utm_campaign=Feed%3A+arstechnica%2Ftechnology-lab+%28Ars+Technica%3A+Technology+Lab%29,2,holyonion,0,1436814526.0
3d5plz,"Accusing Amazon of Antitrust Violations, Authors and Booksellers Demand U.S. Inquiry",http://www.nytimes.com/2015/07/14/technology/accusing-amazon-of-antitrust-violations-authors-and-booksellers-demand-us-inquiry.html?_r=1,2,zac428,0,1436813896.0
3d5git,"PayPal Revises their automated phone call policy, affirming you must consent to it first",https://www.paypal.com/us/webapps/mpp/ua/useragreement-full#1.10,1,runt9,0,1436810098.0
3d57s4,The 1% is not into tech,http://www.macrumors.com/2015/07/13/apple-watch-sales-estimated-3m-3-months/,0,frolix8,4,1436806428.0
3d54vg,Density Platform,http://www.density.io/,1,alexcasalboni,0,1436805146.0
3d51qs,Java and Flash both vulnerable—again—to new 0-day attacks,http://arstechnica.com/security/2015/07/two-new-flash-exploits-surface-from-hacking-team-combine-with-java-0-day/?utm_source=feedburner&utm_medium=feed&utm_campaign=Feed%3A+arstechnica%2Ftechnology-lab+%28Ars+Technica%3A+Technology+Lab%29,2,holyonion,0,1436803781.0
3d4we7,Turing Phone Hands-On: The futuristic-looking liquid metal Turing Phone promises total hacker protection,http://www.cnet.com/products/turing-phone/,1,JackassWhisperer,0,1436801396.0
3d4nn8,The Differences Between Bluetooth 4.0 and Wi-Fi Direct You Need To Know,http://www.makeuseof.com/tag/the-differences-between-bluetooth-4-0-and-wi-fi-direct-you-need-to-know/,1,mikeow,0,1436797261.0
3d4k5p,Physicists use graphene to create ultrasonic microphones and speakers that enable communication at bat frequencies,http://www.gizmag.com/ultrasonic-graphene-speaker-microphone-berkeley/38370/,1,Portis403,0,1436795405.0
3d4gfd,Countdown for New Horizons closest approach to Pluto. Less than a day to go!,https://www.nasa.gov/mission_pages/newhorizons/main/index.html,1,trymas,0,1436793297.0
3d4fu0,Android Wear reportedly getting watch-to-watch sharing features,http://www.engadget.com/2015/07/13/android-wear-sharing-together/,1,treycent,3,1436792940.0
3d3vf5,"Oracle is using an ugly 'nuclear option' to boost cloud sales, says consultant",http://www.businessinsider.com/oracles-cloud-sales-2015-7,2,shaolinpunks,0,1436777297.0
3d3on2,US Data Breach of OPM Gets Worse,https://www.bestvpnservicemag.com/us-data-breach-of-opm-gets-worse/,2,Insano82,2,1436771505.0
3d336n,"Amazon's new Fling SDK gives mobile apps Chromecast-like ""casting"" capabilities",http://www.techspot.com/news/61315-amazon-new-fling-sdk-gives-mobile-apps-chromecast.html,1,Mikerr89,0,1436757845.0
3d333q,Samsung is developing an 11K 'super-resolution' mobile display,http://www.techspot.com/news/61325-samsung-developing-11k-uper-resolution-mobile-display.html,0,Mikerr89,5,1436757794.0
3d5xg4,"A sleek, Star Wars-inspired music box",http://www.engadget.com/2015/07/13/star-wars-tie-fighter-music-box/?ncid=rss_truncated,0,w35t3r0s,0,1436817134.0
3d4spy,The real internet of things,http://marginalrevolution.com/marginalrevolution/2015/07/the-real-internet-of-things.html,1,danielrm26,0,1436799723.0
3d4soa,China's Tianhe-2 still 1st supercomputer (33.86 petaflop/s) for the fifth consecutive time,http://www.top500.org/blog/lists/2015/06/press-release/,0,Tommy-Stinger,0,1436799691.0
3d4rh1,"Samsung is developing 11K ""super-resolution"" screens that produce a 3D effect without the need for 3D glasses",http://www.dailymail.co.uk/sciencetech/article-3159074/Forget-4k-8k-TVs-Samsung-developing-11k-super-resolution-display-pixel-overload.html,0,Portis403,0,1436799109.0
3d4c14,After Moore's Law: how phones are becoming open-source,http://www.wired.co.uk/magazine/archive/2015/08/features/moores-law,0,speckz,0,1436790545.0
3d46v8,The Superplant That May Finally Topple the Rubber Monopoly,http://www.wired.com/2015/07/superplant-may-finally-topple-rubber-monopoly/,1,User_Name13,0,1436787074.0
3d3g1k,Sundar Pichai of Google Talks About Phone Intrusion,http://bits.blogs.nytimes.com/2015/07/12/sundar-pichai-of-google-talks-about-phone-intrusion/?_r=1,0,zac428,0,1436765226.0
3d2ihb,Nintendo's president dies,http://kotaku.com/nintendos-president-has-passed-away-1717386412,3,ZeWhiteNoize,2,1436746966.0
3d64k5,Here’s what Windows 10’s DVD and USB packaging will look like,http://arstechnica.com/information-technology/2015/07/heres-what-windows-10s-dvd-and-usb-packaging-will-look-like/?utm_source=feedburner&utm_medium=feed&utm_campaign=Feed%3A+arstechnica%2Ftechnology-lab+%28Ars+Technica%3A+Technology+Lab%29,0,holyonion,1,1436820073.0
3d57fh,Microsoft Strikes New Tone for Windows 10 Release,http://bits.blogs.nytimes.com/2015/07/13/microsoft-strikes-new-tone-for-windows-10-release/?_r=1,0,zac428,0,1436806277.0
3d56h0,Facebook's new chief security officer wants to set a date to kill Flash,http://www.theverge.com/2015/7/13/8948459/adobe-flash-insecure-says-facebook-cso,0,Yingyomofo,0,1436805852.0
3d4xvp,"Comcast is charging $300 for its answer to Google Fiber a month: That's $100 less than the price Comcast currently offers for its top Internet speeds — and nearly four times as fast. Compared to Google Fiber, it's twice as fast and $170 more expensive per month.",https://www.washingtonpost.com/blogs/the-switch/wp/2015/07/13/heres-how-much-comcasts-2-gbps-service-will-cost-you/?asdfs,0,Libertatea,4,1436802082.0
3d4k8r,"Comcast Debuts Stream, A Cable TV-Like Streaming Service For Cord Cutters",http://techcrunch.com/2015/07/13/comcast-debuts-stream-a-cable-tv-like-streaming-service-for-cord-cutters/,0,Truthible,2,1436795461.0
3d5bhw,İnternette Daha da Güvenli Olmanızı Sağlayacak 8 Tekonolojik Araç,http://onedio.com/haber/guvenilir-gizlilik-araclari-544808,0,fatihizm,0,1436808028.0
3d43xz,"You Will Be Able to Use Apple Watch to Unlock Your BMW, Porsche and Tesla.",http://www.thedailybeast.com/articles/2015/07/11/you-will-be-able-to-use-apple-watch-to-unlock-your-bmw-porsche-and-tesla.html,0,NinjaDiscoJesus,2,1436784781.0
3d555l,Reddit’s Terrorists Have Won: Ellen Pao and the Failure to Rebrand Web 2.0,http://www.thedailybeast.com/articles/2015/07/11/reddit-s-terrorists-have-won-ellen-pao-and-the-failure-to-rebrand-web-2-0.html,0,Quanttek,14,1436805258.0
3d3uzv,Comcast to offer streaming services for $15 a month,http://in.reuters.com/article/2015/07/13/us-comcast-internet-tv-idINKCN0PN0B120150713,0,habichuelacondulce,2,1436776903.0
3d3g1o,Comcast launches its own cable-free TV with Stream,http://www.engadget.com/2015/07/12/comcast-xfinity-internet-stream/,0,soyeahandstuff,1,1436765227.0
3d4s9x,"Gawker's take on the ""Reddit Tantrum""",http://gawker.com/the-rise-and-fall-of-reddits-ellen-pao-timeline-of-a-t-1717201369?utm_source=recirculation&utm_medium=recirculation&utm_campaign=mondayAM,0,lakelady,6,1436799506.0
3d3o6c,Why Nissan's 7K Buyout Is a Start of a Bad Trend,http://www.torquenews.com/3618/bad-idea-nissan-leaf-owners-7k-buyout-trend,0,wewewawa,0,1436771142.0
3d2qz2,"Cheer up, the post-human era is dawning",http://www.ft.com/cms/s/0/4fe10870-20c2-11e5-ab0f-6bb9974f25d0.html#axzz3fjOi2IX8,0,gtfooh1011,0,1436751410.0
